Vendor,Country,Industry
Signia_(sportswear),Argentina,Sports
Elfin_Sports_Cars,Australia,Sports
International_Sports_Clothing,Australia,Sports
Alpha_Sports,Australia,Sports
Nomis,Australia,Sports
Fischer_(company),Austria,Sports
Donnay_(sports),Belgium,Sports
Topper_(sports),Brazil,Sports
Penalty_(sports_manufacturer),Brazil,Sports
Olympikus,Brazil,Sports
TRYMAX,Bulgaria,Sports
CCM_(ice_hockey),Canada,Sports
Arc'teryx,Canada,Sports
Li-Ning,China,Sports
Peak_Sport_Products,China,Sports
Anta_Sports,China,Sports
361_Degrees,China,Sports
ERKE_(brand),China,Sports
Sina_Sports,China,Sports
Reebok,England,Sports
Karhu_(sports_brand),Finland,Sports
Völkl,Germany,Sports
Kettler,Germany,Sports
Daei_Sport,Iran,Sports
Lotto_Sport_Italia,Italy,Sports
Kappa_(company),Italy,Sports
Diadora,Italy,Sports
Erreà,Italy,Sports
Macron_(sportswear),Italy,Sports
Fila_(company),Italy,Sports
Tecnica_Group,Italy,Sports
Dainese,Italy,Sports
SLAM_(clothing),Italy,Sports
ASICS,Japan,Sports
Mugen_Motorsports,Japan,Sports
Yonex,Japan,Sports
Mikasa_Sports,Japan,Sports
Atletica,Mexico,Sports
Pirma,Mexico,Sports
Keuka_(brand),Mexico,Sports
MYLAPS_Sports_Timing,Netherlands,Sports
CA_Sports,Pakistan,Sports
Onda_(sportswear),Portugal,Sports
Elan_(company),Slovenia,Sports
Elan_Snowboards,Slovenia,Sports
Fila_(company),South_Korea,Sports
Derbi,Spain,Sports
Tramontana_(sports_car),Spain,Sports
POC_Sports,Sweden,Sports
BURRDA,Switzerland,Sports
SCOTT_Sports,Switzerland,Sports
Reebok,United_Kingdom,Sports
Admiral_Sportswear,United_Kingdom,Sports
Dunlop_Sport,United_Kingdom,Sports
Carbrini_Sportswear,United_Kingdom,Sports
Vandanel_Sports,United_Kingdom,Sports
UK_Gear,United_Kingdom,Sports
MG_Sports_and_Racing_Europe,United_Kingdom,Sports
Witcomb_Cycles,United_Kingdom,Sports
EA_Sports,United_States,Sports
Wilson_Sporting_Goods,United_States,Sports
K2_Sports,United_States,Sports
Bell_Sports,United_States,Sports
AGV_Sports_Group,United_States,Sports
Hart_Skis,United_States,Sports
Howies,Wales,Sports
